Text Index,Regular_JTC_Score,LEAP_JTC_Score,Regular_Jaccard_Score,LEAP_Jaccard_Score,Regular_chrF,LEAP_chrF
1,0.7254901960784313,1.0196078431372548,0.7324112021857924,0.7753759398496239,2.202643171806167,0.0
2,0.39583333333333337,0.7291666666666667,0.6195760233918128,0.6724451289949943,6.024096385542169,0.0
3,0.5614035087719298,0.7192982456140351,0.539488017429194,0.6552144653839569,2.127659574468085,4.3103448275862055
4,0.38888888888888884,0.6851851851851851,0.6750331711632022,0.7938017950401851,2.487562189054727,2.3696682464454977
5,0.4285714285714286,0.746031746031746,0.5568862675867972,0.4376487194998992,4.878048780487805,4.830917874396136
6,0.7142857142857143,0.9365079365079365,0.6286494925839189,0.7440261058463057,2.525252525252525,5.376344086021505
7,0.55,1.2166666666666668,0.6708240341552463,0.59688013136289,1.5873015873015872,4.032258064516128
8,0.6140350877192983,0.7894736842105263,0.6341509304871374,0.8385363064608349,2.3041474654377883,2.3474178403755865
9,0.5185185185185186,0.7592592592592593,0.6494708994708995,0.6911487758945385,2.4390243902439024,2.4390243902439024
10,0.6833333333333333,0.8833333333333333,0.6457341794465009,0.9152965828497743,4.545454545454545,0.0
11,0.4444444444444444,0.6666666666666667,0.5352243233222099,0.6441981390257253,2.415458937198068,2.392344497607655
12,0.4222222222222223,0.7111111111111111,0.6316964285714285,0.5817165342060152,2.4999999999999996,2.2123893805309733
13,0.40476190476190477,0.7619047619047619,0.6199723479135244,0.722004316990441,0.0,3.08641975308642
14,0.4285714285714286,0.8571428571428572,0.5173882802990785,0.6055003571660498,2.314814814814815,2.3696682464454977
15,0.4901960784313726,0.7647058823529411,0.5593168527379054,0.5960673063551661,3.3783783783783785,0.0
16,0.6041666666666667,0.75,0.725261085430577,0.7159711554872845,4.2857142857142865,4.189944134078211
17,0.19444444444444442,0.5277777777777778,0.6180445761967501,0.4963419329996149,6.198347107438017,6.756756756756756
18,0.4375,0.6875,0.5446990116801437,0.5731132075471699,0.0,0.0
19,0.5925925925925926,0.8333333333333334,0.6672955974842768,0.5861111111111111,5.025125628140703,2.4271844660194177
20,0.6111111111111112,0.6666666666666667,0.6561486132914705,0.7086274509803921,2.873563218390805,0.0
21,0.375,0.75,0.5297018614554347,0.5905575905575906,4.838709677419355,4.838709677419355
22,0.5294117647058824,0.607843137254902,0.573245060949979,0.5807387503164126,5.555555555555555,0.0
23,0.5833333333333333,0.7708333333333334,0.6279491833030854,0.5686813186813187,0.0,2.6881720430107525
24,0.37777777777777777,0.6666666666666667,0.6518350930115636,0.6706374401612498,2.7322404371584694,0.0
25,0.5490196078431373,0.6470588235294117,0.5348752834467121,0.6258169934640523,4.184100418410042,5.415162454873645
26,0.5833333333333333,1.4333333333333333,0.5584860173577627,0.668943502039303,2.380952380952381,1.6666666666666663
27,0.5476190476190477,0.9523809523809523,0.7647223466188984,0.6726862644182737,2.604166666666667,3.4602076124567476
28,0.5897435897435898,0.8461538461538461,0.6326071169208425,0.49127906976744184,2.873563218390805,0.0
29,0.38095238095238093,0.5476190476190477,0.4647758184481348,0.47521746966808015,6.493506493506493,3.2467532467532463
30,0.33333333333333337,0.5,0.7064752879970272,0.685975358573943,3.0674846625766876,3.4482758620689653
31,0.2549019607843137,0.43137254901960786,0.7346497764530552,0.5541877104377104,4.672897196261681,2.392344497607655
32,0.37254901960784315,0.4117647058823529,0.753544251839222,0.6364379084967321,2.6881720430107525,2.7624309392265194
33,0.4375,0.7083333333333333,0.5172216254923022,0.6386862921269136,2.857142857142857,2.976190476190476
34,0.4736842105263158,0.736842105263158,0.49237516869095815,0.42252862913385186,5.681818181818181,0.0
35,0.4901960784313726,0.6666666666666667,0.4477981197427016,0.6588038724261635,7.2992700729927,3.90625
36,0.5087719298245614,0.6666666666666667,0.532010582010582,0.5825757575757576,6.578947368421052,3.5211267605633805
37,0.40476190476190477,0.6904761904761905,0.5786678004535147,0.6458378223084106,0.0,6.493506493506493
38,0.6041666666666667,1.3125,0.6292131844763423,0.5555555555555555,3.1948881789137387,1.5772870662460567
39,0.3111111111111111,0.6,0.5782314327937588,0.6298850574712643,2.8409090909090904,2.2831050228310503
40,0.7111111111111111,1.1333333333333333,0.7372395046813652,0.5312252964426878,6.493506493506493,3.3783783783783785
41,0.5555555555555556,0.8666666666666667,0.6066568471360175,0.7349606905272417,0.0,3.1847133757961785
42,0.6,0.7833333333333333,0.5646327356853672,0.7778565799842395,0.0,0.0
43,0.5476190476190477,0.6666666666666667,0.5123395610237715,0.6110353535353535,2.7027027027027026,6.289308176100629
44,0.5625,0.7083333333333333,0.5643713924963926,0.5951286174847298,4.545454545454545,4.065040650406504
45,0.7647058823529411,0.8431372549019608,0.6419105378000256,0.6345911949685533,1.8796992481203008,1.7730496453900706
46,0.4833333333333333,0.7666666666666666,0.45844307872402695,0.5873729917498914,0.0,0.0
47,0.5416666666666667,0.8125,0.556966618287373,0.6696889103803998,0.0,0.0
48,0.5277777777777778,0.75,0.5774945776811967,0.6700304936153993,5.025125628140703,5.376344086021505
49,0.33333333333333337,0.8431372549019608,0.5584223296672156,0.5159696953716887,2.4999999999999996,0.0
50,0.631578947368421,0.7719298245614035,0.6118431276326013,0.7071428571428573,3.4965034965034967,3.3333333333333335
51,0.6060606060606061,0.8484848484848485,0.6074692588899967,0.7165936040599113,5.154639175257733,1.8315018315018312
52,0.6470588235294117,0.8235294117647058,0.8273203823620104,0.7084908037288989,5.714285714285714,0.0
53,0.5714285714285714,0.8095238095238095,0.8424242424242424,0.48282828282828283,9.523809523809524,5.555555555555555
54,0.4242424242424242,1.121212121212121,0.6107537964680821,0.9722222222222223,4.975124378109454,0.0
55,0.625,0.9166666666666666,0.478589136804147,0.78387012716281,4.016064257028113,3.9525691699604746
56,0.6888888888888889,1.1555555555555554,0.5701757991806087,0.707125516873416,5.3475935828877015,0.0
57,0.38095238095238093,0.7619047619047619,0.5404024546881689,0.6202843710583649,5.084745762711864,4.870129870129871
58,0.43939393939393945,0.7424242424242424,0.7951940035273369,0.5305397113473338,4.048582995951416,4.0650406504065035
59,0.5185185185185186,0.8703703703703703,0.7552483358934973,0.5469769081614665,3.6231884057971007,2.3696682464454977
60,0.543859649122807,0.7894736842105263,0.7126496797549429,0.690321449444769,4.545454545454545,4.6082949308755765
61,0.39682539682539686,1.0,0.5277086788280818,1.0,0.0,0.0
62,0.5263157894736843,0.9298245614035088,0.5176245210727969,0.9329501915708812,3.1645569620253164,0.0
63,0.4901960784313726,1.0,0.6117582654390142,1.0,4.335260115606936,0.0
64,0.49122807017543857,0.8596491228070176,0.5753086419753086,0.5629113433991483,0.0,0.0
65,0.47058823529411764,0.8627450980392157,0.6140568903617786,0.6834782524120758,4.3103448275862055,2.824858757062147
66,0.7111111111111111,0.9111111111111111,0.6236741009348096,0.6870913622854952,4.885993485342019,4.8543689320388355
67,0.5555555555555556,0.8444444444444444,0.5829234972677596,0.5688888888888889,4.777070063694268,3.4965034965034967
68,0.6111111111111112,1.4074074074074074,0.6209113164337045,0.580597669035978,1.9083969465648856,3.0120481927710845
69,0.29166666666666663,0.6875,0.5547626127465556,0.369592919134867,5.2631578947368425,2.6315789473684212
70,0.3529411764705882,1.0,0.5904720279720279,0.712841425597893,5.905511811023622,4.807692307692308
71,0.5,0.8888888888888888,0.5306090827135452,0.6101774042950514,5.617977528089887,2.083333333333333
72,0.6388888888888888,0.8611111111111112,0.6696336996336996,0.6589968803696845,5.291005291005291,2.551020408163265
73,0.44999999999999996,0.9833333333333333,0.6130948883460782,0.9182449494949495,2.3696682464454977,0.0
74,0.5833333333333333,0.9444444444444444,0.6967043314500941,0.6843417913684667,4.716981132075471,2.590673575129534
75,0.5,0.75,0.5968441476916053,0.7672706019871421,2.183406113537118,4.651162790697675
76,0.7111111111111111,0.9333333333333333,0.737456499713669,0.7082125603864734,5.813953488372093,3.816793893129771
77,0.196078431372549,0.47058823529411764,0.5001402377862396,0.6078730272596844,0.0,3.26797385620915
78,0.5833333333333333,0.7222222222222222,0.5028813086718097,0.7102887780379382,3.64963503649635,0.0
79,0.30952380952380953,0.7380952380952381,0.5488319777055896,0.32888888888888884,4.999999999999999,3.4722222222222223
80,0.33333333333333337,0.5294117647058824,0.5183847063546312,0.6297658236317409,2.6737967914438507,0.0
81,0.3111111111111111,0.7111111111111111,0.5585007974481658,0.7409279856195933,5.555555555555555,0.0
82,0.7111111111111111,0.9555555555555556,0.5724096057617821,0.4144490044079648,4.687500000000001,1.9011406844106464
83,0.375,0.875,0.625,0.6487659399424105,0.0,4.021447721179626
84,0.5625,0.8958333333333334,0.5719323990510432,0.6365000551693699,0.0,2.8089887640449436
85,0.28888888888888886,0.48888888888888893,0.4913811892154551,0.5767789697846352,1.8796992481203008,0.0
86,0.39682539682539686,0.8095238095238095,0.5806829908997092,0.6126370083816892,9.25925925925926,2.314814814814815
87,0.5,0.8148148148148149,0.8171247357293868,0.7735297544030586,0.0,0.0
88,0.6296296296296297,0.9259259259259259,0.8506700086763713,0.6615602836879432,3.8759689922480627,3.6900369003690034
89,0.5303030303030303,0.6666666666666667,0.5474206669175222,0.6375510204081632,5.376344086021505,2.717391304347826
90,0.5087719298245614,0.8421052631578947,0.618366129994037,0.4658545588778147,3.125,0.0
91,0.6842105263157895,0.8245614035087719,0.54,0.6780643312558206,1.893939393939394,2.0161290322580645
92,0.3157894736842105,0.8947368421052632,0.4969751966122202,0.3925956292153476,5.836575875486381,2.7397260273972606
93,0.4242424242424242,0.7575757575757576,0.5876185541787199,0.4692398698609879,3.1055900621118013,0.0
94,0.49122807017543857,0.6491228070175439,0.6900466125921834,0.7256671899529042,5.05050505050505,0.0
95,0.6666666666666667,1.0666666666666667,0.3015044558888812,0.6975471698113207,2.0,3.731343283582089
96,0.47619047619047616,0.6190476190476191,0.7259137726734117,0.2321797889031522,5.88235294117647,11.363636363636363
97,0.5777777777777777,1.0,0.5158180590616259,0.7982773963895244,4.694835680751173,0.0
98,0.4666666666666667,0.5666666666666667,0.7893891191876344,0.6613562091503268,4.115226337448559,4.115226337448559
99,0.36111111111111116,0.8333333333333334,0.45669934640522875,0.6233439041578577,3.4722222222222223,6.802721088435374
100,0.4117647058823529,0.5294117647058824,0.7087581699346405,0.5878545982319566,2.717391304347826,2.7322404371584694
101,0.47619047619047616,1.0,0.5608067788518917,0.9333333333333332,0.0,0.0
102,0.6842105263157895,0.9122807017543859,0.6217843631778058,0.7550579913663079,2.2123893805309733,0.0
103,0.45833333333333337,0.7291666666666667,0.7003798670465337,0.7889492753623188,5.025125628140703,0.0
104,0.4222222222222223,0.8,0.5681818181818182,0.6140873015873015,0.0,5.74712643678161
105,0.5185185185185186,0.8148148148148149,0.5176864368657411,0.5575573138567661,5.10204081632653,2.0661157024793386
106,0.6222222222222222,0.8666666666666667,0.7908496732026143,0.7643583802272979,0.0,1.6286644951140066
107,0.5185185185185186,0.7592592592592593,0.5106774228596263,0.5729885057471265,1.5384615384615383,0.0
108,0.6,1.0666666666666667,0.708492714025501,1.0,2.1551724137931028,0.0
109,0.5294117647058824,0.5686274509803921,0.6381203337725077,0.7651515151515151,2.793296089385475,2.590673575129534
110,0.5952380952380952,0.9047619047619048,0.5577876984126985,0.6409606493819263,1.3404825737265413,1.4245014245014245
111,0.30952380952380953,0.7619047619047619,0.6295458248946622,0.6233802720389214,6.944444444444445,4.048582995951417
112,0.37777777777777777,0.5111111111111111,0.5899813251269103,0.5149911816578484,5.154639175257733,5.181347150259068
113,0.5833333333333333,0.875,0.595774683038834,0.7151757369614513,2.873563218390805,0.0
114,0.41666666666666663,0.8958333333333334,0.6772141229768348,0.5778616352201258,3.4642032332563506,2.0491803278688527
115,0.29166666666666663,0.6875,0.34282935455349245,0.677847018572825,5.28169014084507,4.411764705882352
116,0.375,0.625,0.5119043484301194,0.671875,5.181347150259068,4.048582995951416
117,0.19047619047619047,0.9523809523809523,0.5484122345606858,0.526521164021164,5.0675675675675675,4.444444444444444
118,0.33333333333333337,0.7555555555555555,0.7292389116176375,0.7593073593073593,4.518072289156626,4.82315112540193
119,0.42105263157894735,0.9824561403508771,0.41721230158730155,0.6209337144412684,2.6595744680851063,4.587155963302752
120,0.6458333333333333,0.7083333333333333,0.5183563748079877,0.706950354609929,6.25,7.009345794392523
121,0.22916666666666663,0.875,0.752485380116959,0.8129319955406912,7.8125,3.4246575342465753
122,0.23809523809523814,0.5555555555555556,0.6211770807052953,0.6072396438250096,5.376344086021505,0.0
123,0.3571428571428571,0.7380952380952381,0.6535220761712167,0.4365079365079365,5.376344086021505,6.097560975609756
124,0.2222222222222222,0.7111111111111111,0.145578231292517,0.6535220761712166,3.6231884057971016,7.462686567164178
125,0.5098039215686274,0.6862745098039216,0.6279006967531559,0.2077854011816276,4.201680672268907,2.3255813953488373
126,0.46153846153846156,0.8205128205128205,0.5545689974102849,0.5625772782015255,5.555555555555555,0.0
127,0.5625,0.75,0.6922412737110367,0.6390974792878548,4.219409282700421,0.0
128,0.4444444444444444,1.3333333333333333,0.7266378753158236,0.9023167675285775,2.923976608187134,2.4937655860349124
129,0.15384615384615385,0.8461538461538461,0.6269994812914441,0.9583333333333334,2.512562814070352,4.065040650406504
130,0.5111111111111111,1.7111111111111112,0.7973157924138317,0.8986013986013986,2.67379679144385,1.3262599469496024
131,0.5,0.7166666666666667,0.7274556429486007,0.7488262910798121,2.1881838074398257,3.5211267605633805
132,0.39682539682539686,0.6349206349206349,0.4679146322981939,0.4972677595628416,4.545454545454545,0.0
133,0.33333333333333337,0.8518518518518519,0.5820546862652126,0.5111568221447254,3.73134328358209,2.3255813953488373
134,0.4444444444444444,0.9333333333333333,0.5525490196078432,1.0,5.769230769230769,2.976190476190476
135,0.40476190476190477,0.9761904761904762,0.6152421652421652,0.8826777087646652,1.8450184501845017,3.3783783783783785
136,0.4629629629629629,0.7962962962962963,0.6347913524384112,0.8047138047138048,5.2264808362369335,1.7730496453900706
137,0.43137254901960786,0.6274509803921569,0.591859410430839,0.4655975955410983,0.0,2.9239766081871346
138,0.41666666666666663,0.6458333333333333,0.5307591004254745,0.6425375683060109,2.2727272727272725,0.0
139,0.33333333333333337,0.6875,0.47648856099560327,0.526888604353393,2.3696682464454977,2.415458937198068
140,0.23076923076923073,0.7435897435897436,0.5368961143779546,0.534688013136289,2.8901734104046244,2.9069767441860463
141,0.31666666666666665,0.6166666666666667,0.505889724310777,0.5346814393926719,2.314814814814815,0.0
142,0.42592592592592593,0.8703703703703703,0.4331529581529581,0.5066666666666667,3.861003861003861,4.366812227074236
143,0.5303030303030303,1.0303030303030303,0.5128205128205128,0.4700971529661058,3.8910505836575875,2.67379679144385
144,0.30000000000000004,0.5333333333333333,0.48161375661375666,0.6666960455960984,2.1929824561403506,2.3584905660377355
145,0.6111111111111112,0.9814814814814815,0.6889073458840901,0.7124023908223273,3.2467532467532463,2.941176470588235
146,0.375,0.625,0.7722824038613512,0.6923463900357353,7.042253521126761,3.1055900621118013
147,0.5555555555555556,0.6666666666666667,0.6186316999006123,0.6608610948762906,2.793296089385475,2.5125628140703515
148,0.4722222222222222,1.4722222222222223,0.5495595528906655,0.486861426484068,4.444444444444445,0.0
149,0.48888888888888893,1.2222222222222223,0.6635883520074697,0.7417091426734629,4.651162790697675,4.4843049327354265
150,0.28205128205128205,0.8717948717948718,0.46,0.580952380952381,2.5380710659898478,4.132231404958677
151,0.2666666666666667,0.5555555555555556,0.5949973280716899,0.6201814058956916,2.7777777777777777,2.6315789473684212
152,0.5666666666666667,1.4166666666666667,0.6421130952380952,0.737750811280223,0.0,3.1347962382445136
153,0.6862745098039216,1.0196078431372548,0.6030032708890871,0.39150326797385615,2.5380710659898478,3.64963503649635
154,0.4814814814814815,0.7592592592592593,0.47311063728974173,0.5212104334911353,2.0325203252032518,2.4271844660194177
155,0.5,0.7142857142857143,0.6564050235478807,0.6196315192743764,4.23728813559322,4.4642857142857135
156,0.7272727272727273,0.9848484848484849,0.5949770258980785,0.46849179923541745,5.639097744360902,3.6764705882352944
157,0.7083333333333333,0.8541666666666666,0.6662890341321713,0.7171843251088535,5.025125628140703,4.694835680751173
158,0.5555555555555556,0.537037037037037,0.6981966845878137,0.26996927803379417,2.2421524663677133,2.1367521367521363
159,0.21052631578947367,0.736842105263158,0.4460093896713615,0.6010111200789168,2.3474178403755865,2.5125628140703515
160,0.7777777777777778,0.9444444444444444,0.7188999630860096,0.35772357723577236,4.081632653061225,2.0242914979757085
161,0.37777777777777777,0.6888888888888889,0.5414556707660156,0.7467343976777938,0.0,5.3475935828877015
162,0.125,0.35416666666666663,0.5946759259259259,0.6027472527472528,0.0,3.7593984962406015
163,0.5,0.75,0.5885638297872341,0.8388795494058652,0.0,0.0
164,0.5098039215686274,1.4117647058823528,0.5226603236037198,0.6782099936748893,0.0,1.4450867052023122
165,0.5294117647058824,0.7450980392156863,0.6300210472825657,0.7243089727234068,4.2735042735042725,0.0
166,0.6031746031746033,0.873015873015873,0.5125809878862043,0.646280193236715,4.081632653061225,4.115226337448559
167,0.29166666666666663,1.1458333333333333,0.7140937019969278,0.5432950191570881,2.604166666666667,0.0
168,0.4117647058823529,0.7450980392156863,0.5420735005897429,0.5641467727674624,4.672897196261681,0.0
169,0.25,1.2222222222222223,0.5141093474426808,0.5772118829228611,2.6737967914438507,0.0
170,0.33333333333333337,0.543859649122807,0.42826878517047334,0.47256909756909754,2.9585798816568043,2.8248587570621466
171,0.5208333333333333,1.0,0.7049486461251168,0.9540229885057471,5.952380952380952,0.0
172,0.37777777777777777,0.7555555555555555,0.5245966792843059,0.7023139462163851,3.333333333333334,3.4482758620689653
173,0.33333333333333337,0.4444444444444444,0.5107136127486608,0.7754465790360633,2.604166666666667,2.857142857142857
174,0.18333333333333335,0.9333333333333333,0.1686733556298774,0.6231884057971014,2.0576131687242794,5.235602094240838
175,0.4629629629629629,0.6666666666666667,0.5135569531795947,0.5572463768115942,4.8076923076923075,5.050505050505052
176,0.35,0.9,0.47106523925001476,0.6750677506775068,2.8089887640449436,3.08641975308642
177,0.27083333333333337,0.41666666666666663,0.5544166932515547,0.6081002331002331,2.793296089385475,2.941176470588235
178,0.47619047619047616,0.9365079365079365,0.70899854862119,0.6042768959435626,4.9504950495049505,2.9069767441860463
179,0.42592592592592593,0.6666666666666667,0.7240259740259739,0.5761111111111111,6.9930069930069925,6.802721088435374
180,0.8055555555555556,0.9444444444444444,0.7140862411698755,0.43703703703703695,6.147540983606558,4.716981132075471
181,0.4666666666666667,0.6166666666666667,0.4580487249544627,0.5690847489093103,0.0,0.0
182,0.5714285714285714,0.5952380952380952,0.5391414141414141,0.5169848127380989,5.74712643678161,3.8461538461538463
183,0.33333333333333337,0.8444444444444444,0.49733913884857284,0.5132045088566828,2.100840336134454,0.0
184,0.5873015873015873,0.6984126984126984,0.7876926616057052,0.677852454580352,5.813953488372093,6.224066390041495
185,0.35,0.5666666666666667,0.6523841655420602,0.5556365108277677,2.6737967914438507,0.0
186,0.4444444444444444,0.537037037037037,0.5230130249867092,0.5763631391851245,5.836575875486381,3.968253968253968
187,0.5416666666666667,0.625,0.5740563530037214,0.6458641632753731,2.717391304347826,5.780346820809249
188,0.4375,0.8333333333333334,0.43835978835978834,0.6579106280193237,6.0,4.3478260869565215
189,0.196078431372549,0.8627450980392157,0.47125575376349366,0.5952380952380952,5.319148936170213,2.564102564102564
190,0.47916666666666663,0.8333333333333334,0.5269954183747286,0.73781179138322,2.9069767441860463,6.0606060606060606
191,0.5833333333333333,0.8125,0.649310603057134,0.47799422799422797,6.289308176100629,3.5211267605633805
192,0.3111111111111111,0.7555555555555555,0.5836146080398955,0.454123495552067,2.4271844660194177,0.0
193,0.8333333333333334,1.0,0.6650153609831029,1.0,2.3696682464454977,0.0
194,0.6666666666666667,0.9555555555555556,0.6860931236509403,0.6779591836734694,3.0487804878048776,2.9069767441860463
195,0.5,0.8958333333333334,0.5099272413367862,0.5828282828282828,0.0,0.0
196,0.5111111111111111,0.7111111111111111,0.5754018169112508,0.6079650291183764,5.780346820809249,5.714285714285714
197,0.5555555555555556,0.8888888888888888,0.53830291782658,0.469207801283273,5.7251908396946565,2.272727272727273
198,0.5087719298245614,0.8421052631578947,0.6290693257359924,0.6029782094768219,5.415162454873645,3.861003861003861
199,0.38596491228070173,0.5263157894736843,0.47530301428747596,0.5973366013071896,4.273504273504273,6.122448979591836
200,0.6140350877192983,0.7192982456140351,0.5733520074696544,0.5839024390243902,6.147540983606558,4.405286343612335
201,0.4035087719298246,0.5087719298245614,0.5564570916839081,0.523739055370576,2.0161290322580645,2.1367521367521367
202,0.2941176470588235,0.8235294117647058,0.5603239909932255,0.7045311413732467,0.0,0.0
203,0.6333333333333333,0.8,0.5879901051329622,0.6002856579984239,5.74712643678161,3.3112582781456954
204,0.536231884057971,0.9130434782608696,0.6608015640273704,0.6333333333333333,0.0,2.3584905660377355
205,0.5686274509803921,0.7254901960784313,0.4735813366960908,0.4340066269988405,2.4509803921568625,2.6881720430107525
206,0.4285714285714286,0.8809523809523809,0.531119377922447,0.5703703703703704,3.9370078740157486,2.4038461538461537
207,0.45238095238095233,1.0,0.5054380160492215,0.48755057578586986,0.0,3.3333333333333326
208,0.5,0.6666666666666667,0.5406271709897306,0.5930478251906823,0.0,0.0
209,0.48888888888888893,0.6666666666666667,0.6891938250428816,0.8240165631469979,0.0,0.0
210,0.5111111111111111,0.6222222222222222,0.711600681140911,0.4986437680768481,2.5380710659898478,0.0
211,0.4358974358974359,0.641025641025641,0.8771078771078771,0.8001949317738791,2.8409090909090904,0.0
212,0.4814814814814815,0.7777777777777778,0.5716374269005847,0.43124464285439484,4.926108374384236,0.0
213,0.43137254901960786,0.5490196078431373,0.5601835197652044,0.699346405228758,4.830917874396136,5.319148936170213
214,0.6111111111111112,0.9166666666666666,0.5546156004489338,1.0,4.0,0.0
215,0.6851851851851851,0.9444444444444444,0.5921855921855922,0.9506172839506174,4.373177842565598,0.0
216,0.5128205128205128,0.5897435897435898,0.7344877344877346,0.6272834730281539,6.756756756756756,4.694835680751173
217,0.3076923076923077,0.8461538461538461,0.51628969881636,0.6634310585530098,6.756756756756756,3.546099290780141
218,0.5111111111111111,1.0222222222222221,0.6011744555908979,0.6616959064327484,2.2522522522522523,2.3255813953488373
219,0.5208333333333333,0.9583333333333334,0.6023478835978836,0.7501567398119123,2.2727272727272725,2.380952380952381
220,0.4871794871794872,0.7435897435897436,0.5988224274053259,0.7360544217687074,0.0,2.857142857142857
221,0.2549019607843137,0.607843137254902,0.5950617283950618,0.713689179375454,5.74712643678161,0.0
222,0.5294117647058824,0.9019607843137255,0.615042735042735,0.6338562091503267,3.3333333333333335,1.5974440894568693
223,0.5238095238095238,0.5714285714285714,0.6507998126786947,0.592535256470766,3.64963503649635,3.787878787878788
224,0.5555555555555556,1.0,0.6376812407310783,0.7492351314453739,4.761904761904762,4.746835443037975
225,0.4629629629629629,0.7407407407407407,0.7648148148148147,0.4061502495167019,4.9504950495049505,2.9940119760479034
226,0.4629629629629629,0.7962962962962963,0.5600051975051975,0.4519353940406572,3.9215686274509802,0.0
227,0.45238095238095233,0.5,0.6721611721611721,0.688597790349812,5.4945054945054945,2.857142857142857
228,0.4696969696969697,0.7424242424242424,0.5126459496289858,0.4868852168676832,4.25531914893617,0.0
229,0.6111111111111112,0.9722222222222222,0.6233852594571465,0.4646464646464647,3.90625,0.0
230,0.43137254901960786,0.7450980392156863,0.6791194968553459,0.6535042735042734,5.033557046979866,0.0
231,0.3111111111111111,0.7111111111111111,0.5186165944471193,0.6913580246913581,4.213483146067416,2.9498525073746307
232,0.3555555555555555,0.9111111111111111,0.747593984962406,0.6282051282051282,4.761904761904762,2.3255813953488373
233,0.38095238095238093,0.9047619047619048,0.5916748507970084,0.9506172839506174,4.5592705167173255,0.0
234,0.33333333333333337,0.7111111111111111,0.5430474076423022,0.7223077215382276,6.8807339449541285,6.024096385542169
235,0.4509803921568627,0.8823529411764706,0.6772055740535207,0.7972739820565907,2.717391304347826,2.6178010471204183
236,0.5555555555555556,0.8888888888888888,0.6063663201129508,0.6671942988316717,2.857142857142857,0.0
237,0.28205128205128205,0.3846153846153846,0.44031838856400257,0.3585737179487179,0.0,2.941176470588235
238,0.47058823529411764,0.7843137254901961,0.5456426388282459,0.6302062135395469,5.28169014084507,3.4246575342465753
239,0.4222222222222223,0.6,0.5512981859410431,0.5718198468198468,3.1446540880503147,5.617977528089887
240,0.25,1.125,0.5490332759749703,0.650676269696355,3.7593984962406015,4.0983606557377055
241,0.6481481481481481,0.8888888888888888,0.712596777568529,0.7759259259259258,2.11864406779661,0.0
242,0.3589743589743589,0.8461538461538461,0.5642686952149868,0.6835016835016835,4.184100418410042,2.11864406779661
243,0.5641025641025641,0.8205128205128205,0.5114164164164164,0.6294258373205742,4.189944134078211,4.966887417218543
244,0.4444444444444444,0.5555555555555556,0.6302578018995929,0.7187513281482426,0.0,1.953125
245,0.5777777777777777,0.9111111111111111,0.588475499092559,0.7405119571786237,0.0,0.0
246,0.3939393939393939,0.696969696969697,0.5968462823725981,0.6696969696969698,2.6455026455026456,0.0
247,0.5555555555555556,0.8,0.573480531813865,0.7580103359173127,2.590673575129534,0.0
248,0.3555555555555555,0.6666666666666667,0.4384088563655127,0.5216934433347807,6.63716814159292,0.0
249,0.12121212121212122,0.5757575757575757,0.4852388958946336,0.4805039643749321,5.4945054945054945,5.454545454545455
250,0.6444444444444444,0.8222222222222222,0.7770302694721298,0.6904989067779765,3.4246575342465753,3.401360544217687
251,0.46153846153846156,0.7692307692307692,0.6894667420388166,0.6905379649215583,2.092050209205021,0.0
252,0.25,0.8541666666666666,0.47881944444444446,0.5276087446472842,1.8181818181818181,0.0
253,0.7111111111111111,0.8222222222222222,0.5857463524130191,0.6888772603058317,2.8409090909090904,2.9940119760479043
254,0.5757575757575757,0.7272727272727273,0.5165086226479999,0.6672582076308785,5.7251908396946565,3.816793893129771
255,0.7592592592592593,0.8518518518518519,0.58960456878479,0.571652254368172,5.58659217877095,5.128205128205128
256,0.6,0.9111111111111111,0.4547769717549004,0.6311389759665621,2.7777777777777777,0.0
257,0.45614035087719296,0.5964912280701755,0.5873549419767907,0.19421069035374786,2.6881720430107525,0.0
258,0.5,0.7291666666666667,0.6920513272257458,0.7061923583662715,6.550218340611353,6.122448979591836
259,0.375,0.7083333333333333,0.49881538181155455,0.8144122383252818,2.6881720430107525,0.0
260,0.5925925925925926,0.8333333333333334,0.6833333333333332,0.6681837606837607,5.4945054945054945,2.9940119760479043
261,0.5964912280701755,0.8771929824561404,0.539607843137255,0.5379587732528909,3.0487804878048776,6.024096385542169
262,0.5333333333333333,0.8666666666666667,0.6185260770975057,0.47992321100106833,2.7777777777777777,2.6881720430107525
263,0.4901960784313726,0.7450980392156863,0.47029478458049895,0.3302898550724638,6.622516556291391,3.4482758620689653
264,0.4,0.9333333333333333,0.43393587709777076,0.4267668692037096,0.0,1.6778523489932886
265,0.3833333333333333,0.6166666666666667,0.524173636001593,0.6284825976834855,2.5773195876288666,2.604166666666667
266,0.48888888888888893,0.8888888888888888,0.5280682643427742,0.5995693475130165,2.590673575129534,2.604166666666667
267,0.6190476190476191,0.6031746031746033,0.6415824915824916,0.623163758256926,5.555555555555555,2.8901734104046244
268,0.7555555555555555,1.0222222222222221,0.6308333333333334,0.5494071146245059,5.917159763313609,3.333333333333334
269,0.4901960784313726,1.7254901960784315,0.6555979369815539,0.8026431195922722,4.878048780487805,2.364066193853428
270,0.5185185185185186,0.8333333333333334,0.45458525591240656,0.5950132908027644,3.0487804878048776,0.0
271,0.4666666666666667,0.6888888888888889,0.5976167123708108,0.7146892655367232,2.3255813953488373,4.901960784313725
272,0.6458333333333333,0.75,0.5954907161803713,0.6276323862878486,4.926108374384236,0.0
273,0.47058823529411764,0.7254901960784313,0.6760192966075319,0.7973684210526315,0.0,0.0
274,0.5,0.8333333333333334,0.7584121355397951,0.8518748562226822,4.504504504504505,1.547987616099071
275,0.537037037037037,0.7777777777777778,0.6802396674003424,0.6981490440609939,4.424778761061947,4.518072289156626
276,0.39583333333333337,0.875,0.5709648779213997,0.5515151515151515,3.957783641160949,2.3696682464454977
277,0.3846153846153846,0.6666666666666667,0.6224181701666174,0.6413043478260869,2.941176470588235,3.1847133757961785
278,0.5333333333333333,0.8166666666666667,0.6056410256410256,0.5006613756613757,2.9940119760479043,0.0
279,0.2549019607843137,0.7843137254901961,0.5907263468239078,0.5791666666666667,0.0,0.0
280,0.5416666666666667,0.6666666666666667,0.6838183034407793,0.6307425097698655,1.886792452830189,0.0
281,0.44999999999999996,0.6333333333333333,0.5544987922705314,0.6803683737646002,4.966887417218543,5.2631578947368425
282,0.5333333333333333,0.8,0.6538817268561997,0.7837667454688731,2.7777777777777777,2.8248587570621466
283,0.631578947368421,1.1929824561403508,0.6175410277105192,0.6436357975442215,2.7322404371584694,2.6455026455026456
284,0.4358974358974359,0.6153846153846154,0.6540816326530612,0.7002977291545549,0.0,0.0
285,0.3529411764705882,0.6666666666666667,0.6677132391418105,0.8410011306403536,3.558718861209964,3.508771929824561
286,0.5714285714285714,0.7380952380952381,0.6935400516795865,0.647208583378796,3.1645569620253164,3.0487804878048776
287,0.6666666666666667,0.8947368421052632,0.5346153846153846,0.49108138238573024,2.5125628140703515,0.0
288,0.4814814814814815,0.6666666666666667,0.6139433551198257,0.6757991248872708,1.9762845849802373,3.802281368821293
289,0.5777777777777777,0.7111111111111111,0.6366436925647452,0.5918524104798615,5.0761421319796955,0.0
290,0.33333333333333337,1.6274509803921569,0.7341719077568135,0.7715336629001883,5.39568345323741,0.8025682182985555
291,0.47916666666666663,0.6666666666666667,0.5813008130081301,0.6177133655394526,3.4965034965034962,3.4722222222222223
292,0.2777777777777778,0.6851851851851851,0.6165737643998513,0.5371673390249242,7.537688442211056,3.831417624521073
293,0.6666666666666667,1.0222222222222221,0.6004879301489471,0.6873737373737373,0.0,0.0
294,0.33333333333333337,0.5,0.5307924984875984,0.5503083394592828,2.976190476190476,2.857142857142857
295,0.5476190476190477,0.6428571428571428,0.5448508069197724,0.5743448894709399,2.7777777777777777,0.0
296,0.5416666666666667,0.6666666666666667,0.5278829048937604,0.6145021645021645,5.235602094240837,2.7624309392265194
297,0.39583333333333337,0.8541666666666666,0.7067403326994119,0.9368590695873736,5.649717514124293,0.0
298,0.48888888888888893,1.5777777777777777,0.5633879781420764,0.5314447320487009,5.181347150259068,0.0
299,0.5,0.8541666666666666,0.6947169811320754,0.667869957379324,0.0,0.0
300,0.2407407407407407,0.4444444444444444,0.6627210884353741,0.6440991490935998,0.0,0.0
301,0.5087719298245614,0.6842105263157895,0.5211341525857655,0.6692123390236597,3.508771929824561,1.779359430604982
302,0.5333333333333333,0.5833333333333333,0.565564335186811,0.225972706155633,2.3255813953488373,0.0
303,0.41666666666666663,0.6166666666666667,0.5215899919289749,0.6185400516795866,1.6778523489932886,0.0
304,0.3555555555555555,1.0222222222222221,0.6374963028689736,0.6273911273911273,0.0,1.865671641791045
305,0.543859649122807,0.8070175438596492,0.5795678409108537,0.4503928170594837,1.7730496453900706,1.9230769230769231
306,0.875,0.9583333333333334,0.8461879432624113,0.7855380820228183,0.0,0.0
307,0.6140350877192983,0.6842105263157895,0.5680196253345228,0.47434996112016536,5.291005291005291,5.291005291005291
308,0.5416666666666667,0.8958333333333334,0.5275171509281679,0.6471434997750787,2.3041474654377883,2.403846153846154
309,0.4117647058823529,1.0392156862745099,0.4055253623188406,0.5440731827718129,2.1929824561403506,1.7301038062283738
310,0.5833333333333333,1.0416666666666667,0.7401254405971387,0.4506346729357085,3.4129692832764498,0.0
311,0.47619047619047616,0.7142857142857143,0.5844139194139194,0.5493511414227527,2.8901734104046244,3.731343283582089
312,0.5555555555555556,0.7555555555555555,0.6515742909185532,0.686996537745533,3.3670033670033668,3.5211267605633805
313,0.3137254901960784,0.4117647058823529,0.5368721630578288,0.6179084967320261,0.0,3.0120481927710845
314,0.5714285714285714,0.7619047619047619,0.5352584222640719,0.6540919230411748,0.0,0.0
315,0.41025641025641024,0.5128205128205128,0.7240925058548009,0.786723163841808,4.225352112676056,4.451038575667656
316,0.6842105263157895,0.8245614035087719,0.7412587412587412,0.5727955621200821,0.0,2.590673575129534
317,0.4444444444444444,0.8333333333333334,0.5738335738335739,0.60423352214397,3.067484662576687,3.0864197530864192
318,0.6470588235294117,0.7647058823529411,0.5214329083181543,0.49507554272160065,2.717391304347826,0.0
319,0.4375,0.75,0.6583261432269197,0.7176261893243026,2.564102564102564,0.0
320,0.40740740740740744,0.7222222222222222,0.600250626566416,0.5090230973672232,0.0,0.0
321,0.5208333333333333,0.6666666666666667,0.6069202081767833,0.626302391198121,5.181347150259068,0.0
322,0.47916666666666663,1.3125,0.4864378777422255,0.4807394190552933,3.048780487804878,2.109704641350211
323,0.42105263157894735,0.6842105263157895,0.6824751580849142,1.0,2.1645021645021645,0.0
324,0.4222222222222223,0.7555555555555555,0.5271317829457365,0.5811260674482559,7.177033492822968,5.952380952380952
325,0.5128205128205128,0.717948717948718,0.5699736495388669,0.5371428571428571,6.493506493506493,6.787330316742081
326,0.5686274509803921,0.7058823529411764,0.48627015480590097,0.6474460921269432,5.208333333333334,2.976190476190476
327,0.5,0.5625,0.4971846328515757,0.6155309243335487,1.529051987767584,3.3112582781456954
328,0.38095238095238093,0.5238095238095238,0.5246913580246914,0.4618894256575416,3.6231884057971016,3.571428571428571
329,0.7037037037037037,1.6296296296296298,0.7231400610333578,0.7022209234365868,5.025125628140703,1.1876484560570073
330,0.5882352941176471,0.9019607843137255,0.5396361273554255,0.5366710584101888,2.873563218390805,3.1847133757961785
331,0.40476190476190477,0.9523809523809523,0.47800139762403915,0.6697619047619048,3.1055900621118013,4.807692307692308
332,0.2962962962962963,0.7592592592592593,0.39945945945945943,0.557010582010582,0.0,0.0
333,0.3137254901960784,0.8823529411764706,0.5421401039048098,1.0,4.0,0.0
334,0.4222222222222223,0.8,0.6626984126984127,0.6030598381475575,3.257328990228013,0.0
335,0.6041666666666667,1.0208333333333333,0.6799854041233352,0.4833644431345581,0.0,0.0
336,0.38596491228070173,0.6491228070175439,0.6451545530492899,0.6632063916854282,0.0,0.0
337,0.7719298245614035,0.8245614035087719,0.7673360313767006,0.6704402515723271,0.0,2.403846153846154
338,0.4444444444444444,0.537037037037037,0.6842043963857932,0.7635897435897435,0.0,0.0
339,0.6041666666666667,0.8541666666666666,0.5721370058826764,0.5669753086419753,3.125,2.9940119760479043
340,0.5833333333333333,0.75,0.8644614512471654,0.7056360708534622,3.703703703703704,4.0983606557377055
341,0.45833333333333337,0.5,0.5984647410876919,0.26847777191026617,0.0,0.0
342,0.33333333333333337,0.5757575757575757,0.5556449876266023,0.4084595431344657,5.7251908396946565,6.024096385542169
343,0.641025641025641,0.7692307692307692,0.6864456474413664,0.8684699543680247,0.0,0.0
344,0.6862745098039216,0.7450980392156863,0.610543772366239,0.7516708437761069,1.9762845849802375,2.1097046413502105
345,0.40476190476190477,0.6428571428571428,0.6888691577259834,0.6494291837132281,0.0,0.0
346,0.5,1.2592592592592593,0.7123717711036953,0.617989417989418,4.087193460490464,1.2953367875647668
347,0.5128205128205128,0.8717948717948718,0.5446596717783159,0.7568707482993197,5.415162454873645,5.617977528089887
348,0.37037037037037035,0.5555555555555556,0.5776201733648542,0.6764941912985022,2.8409090909090904,0.0
349,0.33333333333333337,0.5208333333333333,0.38608058608058604,0.5767984281793415,0.0,2.8901734104046244
350,0.5454545454545454,0.8484848484848485,0.6188249700815452,0.7369372562920949,4.731861198738171,4.347826086956521
351,0.4871794871794872,0.5897435897435898,0.7193378561345893,0.6236179988979541,4.870129870129871,4.918032786885246
352,0.5111111111111111,0.7333333333333334,0.6670211365316643,0.6512860828898565,5.769230769230769,5.597014925373134
353,0.5416666666666667,0.625,0.7227263561201855,0.7550302309445932,4.347826086956521,4.504504504504505
354,0.5087719298245614,0.8245614035087719,0.5631405776846028,0.5057791232435003,0.0,3.401360544217687
355,0.3555555555555555,1.0,0.6473727422003285,0.3718855218855219,5.05050505050505,0.0
356,0.4901960784313726,1.3333333333333333,0.5889293286991496,0.8809523809523809,2.9239766081871346,0.0
357,0.43137254901960786,0.5882352941176471,0.49947161835748793,0.6789515880357694,3.4602076124567476,0.0
358,0.8333333333333334,1.037037037037037,0.5580357142857143,0.4701126607621568,4.792332268370606,0.0
359,0.537037037037037,0.962962962962963,0.49897956217111955,0.6750524109014675,3.3112582781456954,3.225806451612903
360,0.4545454545454546,0.7878787878787878,0.7084125735020876,0.8086956521739129,5.454545454545455,1.8796992481203008
361,0.45238095238095233,0.5476190476190477,0.49277777777777776,0.6068858800773694,3.4482758620689653,0.0
362,0.3921568627450981,0.6666666666666667,0.44876543209876546,0.5376068376068376,3.831417624521073,5.952380952380952
363,0.55,0.8166666666666667,0.6333158942856179,0.41520763187429854,6.147540983606558,4.385964912280701
364,0.3492063492063492,0.7777777777777778,0.389249941765665,0.5903945111492281,4.545454545454546,6.2761506276150625
365,0.6666666666666667,0.8333333333333334,0.5524066747819031,0.7869483845547675,5.136986301369863,5.555555555555555
366,0.5490196078431373,0.7254901960784313,0.6356602461865619,0.7029862235029408,2.564102564102564,0.0
367,0.5,0.7916666666666666,0.38070425045386297,0.7213071895424837,0.0,5.291005291005291
368,0.7450980392156863,1.1176470588235294,0.6115305882747744,1.0,2.8409090909090904,0.0
369,0.41025641025641024,0.8717948717948718,0.6995336741099454,0.6155683215792506,4.70219435736677,4.901960784313725
370,0.37681159420289856,0.5942028985507246,0.6717948717948717,0.6576467505241089,2.5773195876288666,0.0
371,0.3555555555555555,0.7555555555555555,0.5111879356949779,0.5924478072019056,2.4999999999999996,2.5125628140703515
372,0.6190476190476191,1.0238095238095237,0.7912386086510076,0.6366937916955681,4.934210526315789,4.1208791208791204
373,0.4901960784313726,0.7450980392156863,0.4999132622083442,0.6890264877880977,2.392344497607655,2.487562189054727
374,0.45238095238095233,0.7857142857142857,0.7421602787456445,0.6482972238786192,4.3478260869565215,2.314814814814815
375,0.47058823529411764,1.0784313725490196,0.5860373137770398,0.5030644200657073,4.643962848297214,2.638522427440633
376,0.375,0.6875,0.5867610201975527,0.4811759162822993,5.7251908396946565,3.6363636363636362
377,0.5,0.8333333333333334,0.6071428571428572,0.3924916073036928,1.5625000000000004,5.555555555555555
378,0.33333333333333337,0.8947368421052632,0.5871685396200234,1.0,5.474452554744525,0.0
379,0.5087719298245614,0.8596491228070176,0.4241290889257228,0.7292526101349631,0.0,0.0
380,0.7083333333333333,0.8541666666666666,0.6991582491582492,0.5571284125379171,5.780346820809249,3.0674846625766876
381,0.6904761904761905,0.8333333333333334,0.5217838765008576,0.4373348873348873,5.649717514124293,6.17283950617284
382,0.5476190476190477,0.9047619047619048,0.6023884396525906,0.7809199062022675,3.6900369003690034,3.8461538461538463
383,0.5490196078431373,0.7254901960784313,0.6657070235501609,0.6317620650953985,4.78468899521531,0.0
384,0.47916666666666663,0.7291666666666667,0.49672560326855636,0.5999074930619798,4.166666666666666,0.0
385,0.5897435897435898,0.9487179487179487,0.563880766731644,0.3591363691899534,1.9685039370078743,4.716981132075471
386,0.375,0.875,0.6689291101055806,0.6778278278278278,5.74712643678161,0.0
387,0.3137254901960784,0.6470588235294117,0.7054693274205469,0.645014487276392,3.333333333333334,2.8089887640449436
388,0.7166666666666667,0.8333333333333334,0.5746271972547773,0.5054214402618658,5.434782608695652,0.0
389,0.5714285714285714,0.7619047619047619,0.4667822783764813,0.6967028985507246,2.222222222222222,2.1367521367521367
390,0.2666666666666667,0.8888888888888888,0.5041417806539567,0.5666666666666665,4.601226993865031,0.0
391,0.36111111111111116,0.5,0.5517782240720798,0.6370156758355517,4.25531914893617,4.329004329004329
392,0.4920634920634921,0.7777777777777778,0.614943316173928,0.6191135117252612,2.2727272727272725,1.2224938875305622
393,0.2857142857142857,0.5238095238095238,0.6372495446265938,0.8091337099811676,1.7123287671232879,1.76678445229682
394,0.5294117647058824,1.7450980392156863,0.7223100755632194,0.9473326292882746,4.926108374384236,0.0
395,0.4814814814814815,0.7407407407407407,0.7051936994465731,0.6583461736004109,2.4509803921568625,2.551020408163265
396,0.5,1.1481481481481481,0.5541125541125541,0.42065470255898973,0.0,1.7421602787456445
397,0.36363636363636365,1.0909090909090908,0.6329973240892781,0.54320987654321,5.2631578947368425,2.0242914979757085
398,0.5625,0.8333333333333334,0.6367322291235334,0.6468599033816425,0.0,0.0
399,0.4736842105263158,0.7719298245614035,0.7435049019607843,0.7827027201853541,4.213483146067416,4.3103448275862055
400,0.2941176470588235,0.7058823529411764,0.5126777926454554,0.5539083557951483,3.448275862068965,1.76678445229682
401,0.33333333333333337,0.5833333333333333,0.8140952003697102,0.7319223985890652,5.172413793103449,3.6101083032490973
402,0.3125,0.45833333333333337,0.3367400419287212,0.2996632996632997,4.854368932038835,4.132231404958678
403,0.5490196078431373,0.7450980392156863,0.49328843199810946,0.6096510931416592,5.10204081632653,3.1446540880503147
404,0.5098039215686274,0.7450980392156863,0.6236541236541236,0.6954751310980454,4.716981132075471,4.405286343612334
405,0.196078431372549,0.7843137254901961,0.5239360961897075,0.7037037037037037,0.0,0.0
406,0.5476190476190477,0.9523809523809523,0.5879120879120879,0.6627705627705628,0.0,0.0
407,0.6666666666666667,1.5555555555555556,0.5604921394395078,0.6241293532338309,2.564102564102564,1.785714285714286
408,0.5,0.85,0.5441202475685234,0.6598833370019811,2.3474178403755865,2.380952380952381
409,0.33333333333333337,0.6666666666666667,0.3543065268545289,0.6678160919540229,1.4450867052023122,3.484320557491289
410,0.5333333333333333,0.8222222222222222,0.6918283166109255,0.7256621098434235,5.74712643678161,5.617977528089887
411,0.5686274509803921,0.8431372549019608,0.8258625505726309,0.8532411567002761,2.1008403361344534,0.0
412,0.41666666666666663,0.6388888888888888,0.41418115728460553,0.6254021230241505,0.0,5.813953488372093
413,0.3921568627450981,0.7058823529411764,0.5722430816298151,0.6383169934640524,0.0,0.0
414,0.35416666666666663,0.5625,0.5158043529252003,0.614327607875995,2.4271844660194177,2.4390243902439024
415,0.5952380952380952,0.8095238095238095,0.6360245428588785,0.6118169398907104,0.0,0.0
416,0.6,1.4666666666666668,0.6749762583095916,0.7142857142857143,1.5673981191222568,0.0
417,0.23809523809523814,0.5952380952380952,0.2787225022375053,0.312118846545076,5.514705882352941,3.6101083032490973
418,0.5294117647058824,0.6862745098039216,0.5736651947009234,0.5354312354312354,3.2051282051282057,3.289473684210526
419,0.625,0.75,0.5217064544650752,0.613132779170515,0.0,2.7472527472527473
420,0.40740740740740744,0.6666666666666667,0.5788398692810458,0.6930865369403576,2.9239766081871346,0.0
421,0.4444444444444444,0.6666666666666667,0.8041769992989506,0.768925033630916,3.597122302158273,2.083333333333333
422,0.28888888888888886,0.4222222222222223,0.5778988431530804,0.5356252157585862,2.7472527472527473,2.793296089385475
423,0.375,0.5208333333333333,0.4695909339430389,0.2796825396825397,3.257328990228013,4.504504504504505
424,0.22807017543859653,0.5964912280701755,0.8276143790849674,0.8193815987933636,4.518072289156626,4.335260115606936
425,0.3921568627450981,0.7843137254901961,0.5667341010478265,0.602782392026578,2.7322404371584694,2.9940119760479043
426,0.607843137254902,1.2352941176470589,0.8373866213151927,0.5026086956521739,3.731343283582089,3.3333333333333335
427,0.5,0.7916666666666666,0.5342312008978677,0.6023914181057038,2.873563218390805,2.857142857142857
428,0.47619047619047616,0.6428571428571428,0.45784832451499113,0.5449020978062783,2.7322404371584694,2.8248587570621466
429,0.40476190476190477,0.6666666666666667,0.660020222446916,0.4790844069402766,5.952380952380952,5.847953216374269
430,0.6666666666666667,0.7708333333333334,0.7025120772946859,0.8815751039209078,5.617977528089887,0.0
431,0.5555555555555556,0.8888888888888888,0.6558524226424808,0.5672514619883041,4.335260115606936,0.0
432,0.4509803921568627,0.6470588235294117,0.64880174291939,0.6397163120567376,3.4482758620689653,3.1645569620253164
433,0.4358974358974359,0.641025641025641,0.6037048665620094,0.6240106896906157,6.198347107438017,6.8493150684931505
434,0.4666666666666667,0.6166666666666667,0.49325809875962695,0.6793103448275861,0.0,0.0
435,0.42592592592592593,0.9444444444444444,0.7529190207156309,0.6296296296296297,2.3474178403755865,2.941176470588235
436,0.7333333333333334,1.6888888888888889,0.6665946678525295,0.5497082613377408,2.5380710659898478,1.2376237623762378
437,0.4385964912280702,0.631578947368421,0.7655232305688232,0.6235897435897436,2.6881720430107525,2.6595744680851063
438,0.45833333333333337,1.0833333333333333,0.5451915380217267,0.8173496983565633,4.975124378109454,0.0
439,0.4035087719298246,0.7543859649122807,0.6274154589371981,0.7693798449612403,4.716981132075471,2.314814814814815
440,0.35,0.8166666666666667,0.5719298245614035,0.4524406253729562,2.551020408163265,0.0
441,0.6222222222222222,0.9111111111111111,0.46073126220185046,0.5,4.016064257028113,0.0
442,0.5185185185185186,0.6111111111111112,0.5018341307814992,0.5378760868428434,5.9880239520958085,3.289473684210526
443,0.8,0.9333333333333333,0.6562616127833518,0.6796637354128642,6.0,3.64963503649635
444,0.15384615384615385,0.641025641025641,0.5077972709551657,0.7327801827801829,2.5,2.5380710659898478
445,0.4901960784313726,0.9411764705882353,0.550552079499448,0.6470588235294118,1.8315018315018312,0.0
446,0.6,0.9333333333333333,0.7998993558776167,0.4533730158730158,6.134969325153375,0.0
447,0.4666666666666667,0.6666666666666667,0.6256396912134616,0.30824096880131363,5.05050505050505,4.830917874396135
448,0.39583333333333337,0.8125,0.6340130023640662,0.8528455284552846,0.0,2.9069767441860463
449,0.5,0.8125,0.615891132572432,0.6947483186212695,4.189944134078211,4.451038575667656
450,0.4385964912280702,0.5614035087719298,0.6423728813559322,0.6320987654320988,2.7027027027027026,2.976190476190476
451,0.3921568627450981,0.7647058823529411,0.6729559748427673,0.7263888888888888,2.604166666666667,0.0
452,0.37254901960784315,0.9019607843137255,0.5950062959672909,0.5766908212560387,2.2522522522522523,2.392344497607655
453,0.3529411764705882,0.6862745098039216,0.5981471001278585,0.7569444444444445,4.78468899521531,0.0
454,0.35416666666666663,0.875,0.7215399610136451,0.4970760233918128,4.926108374384236,0.0
455,0.29166666666666663,0.7708333333333334,0.6296803172263746,0.4187643020594966,5.291005291005291,0.0
456,0.4901960784313726,0.8627450980392157,0.609521163286098,0.5686274509803922,4.694835680751173,0.0
457,0.47058823529411764,0.7450980392156863,0.5397652116402116,0.7159863945578232,2.5380710659898478,0.0
458,0.375,1.0833333333333333,0.6125856535692602,0.5964421543368912,4.587155963302752,0.0
459,0.43137254901960786,0.8235294117647058,0.641354723707665,0.7386018237082067,2.403846153846154,0.0
460,0.6041666666666667,0.6666666666666667,0.5891491549386286,0.5634912257553767,5.555555555555555,0.0
461,0.3571428571428571,0.6666666666666667,0.555490333100396,0.5003019323671497,0.0,6.622516556291391
462,0.38095238095238093,0.5476190476190477,0.6667663340623292,0.657796451914099,2.4390243902439024,0.0
463,0.8205128205128205,1.3333333333333333,0.4841513017613646,0.3547315257841574,6.024096385542169,1.7182130584192439
464,0.4358974358974359,0.8461538461538461,0.5739130434782608,0.5933224023569513,3.125,6.17283950617284
465,0.33333333333333337,0.6,0.3999860950669576,0.6949186991869919,0.0,0.0
466,0.2777777777777778,0.6666666666666667,0.5733652312599681,0.4975413129301611,2.5125628140703515,0.0
467,0.45833333333333337,0.7291666666666667,0.6321980307274425,0.7259615384615384,2.4999999999999996,0.0
468,0.5614035087719298,0.8245614035087719,0.540936978565011,0.6654342896578921,6.024096385542169,0.0
469,0.5625,1.125,0.6644444444444444,0.7734215470064526,5.434782608695652,4.076086956521738
470,0.33333333333333337,0.8333333333333334,0.4912257495590828,0.5745581447709107,3.289473684210526,5.88235294117647
471,0.5740740740740741,0.7777777777777778,0.5134054624620662,0.6045471821239305,0.0,0.0
472,0.2222222222222222,0.6222222222222222,0.6686868686868687,0.6413298565840938,5.2631578947368425,4.918032786885246
473,0.6458333333333333,0.8958333333333334,0.6627450980392157,0.683248299319728,7.042253521126761,3.1645569620253164
474,0.368421052631579,0.8596491228070176,0.48010872251050163,0.48425269630001044,1.9920318725099604,2.747252747252747
475,0.35416666666666663,0.9583333333333334,0.5841529845510097,0.9540229885057471,3.9370078740157486,0.0
476,0.30952380952380953,1.5,0.4330711263881544,0.6300657541599571,2.9940119760479043,0.0
477,0.6190476190476191,0.6190476190476191,0.6991426004364009,0.6215488215488215,2.6881720430107525,0.0
478,0.28888888888888886,0.8888888888888888,0.7057971014492753,0.5362318840579711,2.9069767441860463,3.8167938931297716
479,0.33333333333333337,0.7916666666666666,0.41340048840048843,0.5804132973944295,5.859374999999999,1.9305019305019304
480,0.6428571428571428,1.1428571428571428,0.6128712709172479,0.40107905231057944,2.551020408163265,2.2421524663677133
481,0.25,0.8125,0.5260555251807303,0.7246138385770472,2.7322404371584694,5.681818181818181
482,0.43333333333333335,1.0,0.5550276015064748,0.46823723465289735,2.8901734104046244,3.225806451612904
483,0.28985507246376807,0.6956521739130435,0.605053358443189,0.46587800562769716,5.338078291814947,2.1645021645021645
484,0.5384615384615384,0.8974358974358975,0.6280982905982906,0.3441981623567301,5.836575875486381,2.3474178403755865
485,0.23333333333333328,0.33333333333333337,0.47975494291283766,0.4240106258948977,4.878048780487805,5.4945054945054945
486,0.4444444444444444,0.9166666666666666,0.5014652014652015,0.54320987654321,4.9504950495049505,2.777777777777778
487,0.5952380952380952,0.7857142857142857,0.518539870212756,0.577698087431694,4.424778761061947,4.518072289156626
488,0.35185185185185186,1.7777777777777777,0.36896929824561403,0.7072155677757804,6.622516556291391,2.1691973969631237
489,0.3111111111111111,0.6,0.5924759498475737,0.5857583774250441,5.300353356890459,5.454545454545455
490,0.6875,1.4375,0.677970177970178,0.6309523809523809,4.477611940298507,0.0
491,0.21568627450980393,1.1176470588235294,0.32964852607709744,0.512012715562783,6.0606060606060606,0.0
492,0.24444444444444446,0.7555555555555555,0.44812476081132796,0.3845891663618528,0.0,0.0
493,0.21052631578947367,0.5614035087719298,0.3846509971509972,0.5947623926619828,2.293577981651376,2.5380710659898478
494,0.75,1.125,0.5449784046798972,0.923076923076923,4.566210045662101,0.0
495,0.6041666666666667,0.6875,0.6336374763547346,0.5897030455578742,4.587155963302751,6.122448979591836
496,0.49122807017543857,0.7543859649122807,0.4746032423612889,0.3505728314238952,0.0,0.0
497,0.40909090909090906,0.7424242424242424,0.6374607363796827,0.6992659627953746,2.717391304347826,0.0
498,0.2941176470588235,0.6666666666666667,0.501031991744066,0.6960439560439561,4.761904761904762,5.181347150259068
499,0.625,0.8125,0.7110341415141019,0.7738095238095238,5.05050505050505,5.494505494505495
500,0.6888888888888889,0.7333333333333334,0.565231414288018,0.4632478632478632,6.25,4.8076923076923075
